{"cameraMode":{"drawMode":0,"name":"Shaded","section":"Shading Mode"},"sceneLighting":false,"audioPlay":false,"sceneViewState":{"m_AlwaysRefresh":false,"showFog":true,"showSkybox":false,"showFlares":true,"showImageEffects":true,"showParticleSystems":true,"showVisualEffectGraphs":true,"m_FxEnabled":true},"in2DMode":false,"pivot":{"x":0.0000019073486328125,"y":1.3563469648361207,"z":7.152557373046875e-7},"rotation":{"x":0.23929274082183839,"y":0.38725990056991579,"z":-0.10485454648733139,"w":0.8842353224754334},"size":6.813680648803711,"orthographic":false}