{"cameraMode":{"drawMode":0,"name":"Shaded","section":"Shading Mode"},"sceneLighting":false,"audioPlay":false,"sceneViewState":{"m_AlwaysRefresh":false,"showFog":true,"showSkybox":false,"showFlares":true,"showImageEffects":true,"showParticleSystems":true,"showVisualEffectGraphs":true,"m_FxEnabled":true},"in2DMode":false,"pivot":{"x":-0.00665462389588356,"y":1.2654379606246949,"z":0.6111092567443848},"rotation":{"x":-0.10880506783723831,"y":0.7792940735816956,"z":-0.14071527123451234,"w":-0.6010298728942871},"size":1.4484660625457764,"orthographic":false}